{
  "Andaman Nicobar": [
    "Nicobar",
    "South Andaman",
    "North Middle Andaman"
  ],
  "Andhra Pradesh": [
    "Anakapalli",
    "Annamaya",
    "Chittoor",
    "Eluru",
    "Kadapa",
    "Konaseema",
    "Kurnool",
    "N T Rama Rao",
    "Nellore",
    "Prakasam",
    "Sri Satya Sai",
    "Visakhapatnam",
    "West Godavari",
    "Alluri Sitarama Raju",
    "Anantapur",
    "Bapatla",
    "East Godavari",
    "Guntur",
    "Kakinada",
    "Krishna",
    "Manyam",
    "Nandyal",
    "Palnadu",
    "Sri Balaji",
    "Srikakulam",
    "Vizianagaram"
  ],
  "Arunachal Pradesh": [
    "Bichom",
    "Changlang",
    "East Kameng",
    "Kamle",
    "Kra Daadi",
    "Lepa Rada",
    "Longding",
    "Lower Siang",
    "Namsai",
    "Papum Pare",
    "Tawang",
    "Upper Siang",
    "West Kameng",
    "Anjaw",
    "Central Siang",
    "Dibang Valley",
    "East Siang",
    "Keyi Panyor",
    "Kurung Kumey",
    "Lohit",
    "Lower Dibang Valley",
    "Lower Subansiri",
    "Pakke Kessang",
    "Shi Yomi",
    "Tirap",
    "Upper Subansiri",
    "West Siang"
  ],
  "Assam": [
    "Bajali",
    "Barpeta",
    "Bongaigaon",
    "Charaideo",
    "Darrang",
    "Dhubri",
    "Dima Hasao",
    "Golaghat",
    "Hojai",
    "Kamrup",
    "Karbi Anglong",
    "Kokrajhar",
    "Majuli",
    "Nagaon",
    "Sivasagar",
    "South Salmara-Mankachar",
    "Tinsukia",
    "West Karbi Anglong",
    "Baksa",
    "Biswanath",
    "Cachar",
    "Chirang",
    "Dhemaji",
    "Dibrugarh",
    "Goalpara",
    "Hailakandi",
    "Jorhat",
    "Kamrup Metropolitan",
    "Karimganj",
    "Lakhimpur",
    "Morigaon",
    "Nalbari",
    "Sonitpur",
    "Tamulpur",
    "Udalguri"
  ],
  "Bihar": [
    "Arwal",
    "Banka",
    "Bhagalpur",
    "Buxar",
    "East Champaran",
    "Gopalganj",
    "Jehanabad",
    "Katihar",
    "Kishanganj",
    "Madhepura",
    "Munger",
    "Nalanda",
    "Patna",
    "Rohtas",
    "Samastipur",
    "Sheikhpura",
    "Sitamarhi",
    "Supaul",
    "West Champaran",
    "Araria",
    "Aurangabad",
    "Begusarai",
    "Bhojpur",
    "Darbhanga",
    "Gaya",
    "Jamui",
    "Kaimur",
    "Khagaria",
    "Lakhisarai",
    "Madhubani",
    "Muzaffarpur",
    "Nawada",
    "Purnia",
    "Saharsa",
    "Saran",
    "Sheohar",
    "Siwan",
    "Vaishali"
  ],
  "Chhattisgarh": [
    "Balod",
    "Balrampur",
    "Bemetara",
    "Bilaspur",
    "Dhamtari",
    "Gariaband",
    "Janjgir Champa",
    "Kabirdham",
    "Khairagarh",
    "Korba",
    "Mahasamund",
    "Mohla Manpur",
    "Narayanpur",
    "Raipur",
    "Sakti",
    "Sukma",
    "Surguja",
    "Baloda Bazar",
    "Bastar",
    "Bijapur",
    "Dantewada",
    "Durg",
    "Gaurela Pendra Marwahi",
    "Jashpur",
    "Kanker",
    "Kondagaon",
    "Koriya",
    "Manendragarh",
    "Mungeli",
    "Raigarh",
    "Rajnandgaon",
    "Sarangarh Bilaigarh",
    "Surajpur"
  ],
  "Dadra and Nagar Haveli and Daman and Diu": [
    "Daman",
    "Dadra and Nagar Haveli",
    "Diu"
  ],
  "Delhi": [
    "Central Delhi",
    "New Delhi",
    "North East Delhi",
    "Shahdara",
    "South East Delhi",
    "West Delhi",
    "East Delhi",
    "North Delhi",
    "North West Delhi",
    "South Delhi",
    "South West Delhi"
  ],
  "Goa": [
    "South Goa",
    "North Goa"
  ],
  "Gujarat": [
    "Amreli",
    "Aravalli",
    "Bharuch",
    "Botad",
    "Dahod",
    "Devbhoomi Dwarka",
    "Gir Somnath",
    "Junagadh",
    "Kutch",
    "Mehsana",
    "Narmada",
    "Panchmahal",
    "Porbandar",
    "Sabarkantha",
    "Surendranagar",
    "Vadodara",
    "Ahmedabad",
    "Anand",
    "Banaskantha",
    "Bhavnagar",
    "Chhota Udaipur",
    "Dang",
    "Gandhinagar",
    "Jamnagar",
    "Kheda",
    "Mahisagar",
    "Morbi",
    "Navsari",
    "Patan",
    "Rajkot",
    "Surat",
    "Tapi",
    "Valsad"
  ],
  "Haryana": [
    "Ambala",
    "Charkhi Dadri",
    "Fatehabad",
    "Hisar",
    "Jind",
    "Karnal",
    "Mahendragarh",
    "Palwal",
    "Panipat",
    "Rohtak",
    "Sonipat",
    "Bhiwani",
    "Faridabad",
    "Gurugram",
    "Jhajjar",
    "Kaithal",
    "Kurukshetra",
    "Mewat",
    "Panchkula",
    "Rewari",
    "Sirsa",
    "Yamunanagar"
  ],
  "Himachal Pradesh": [
    "Bilaspur",
    "Hamirpur",
    "Kinnaur",
    "Lahaul Spiti",
    "Shimla",
    "Solan",
    "Chamba",
    "Kangra",
    "Kullu",
    "Mandi",
    "Sirmaur",
    "Una"
  ],
  "Jammu Kashmir": [
    "Anantnag",
    "Baramulla",
    "Doda",
    "Jammu",
    "Kishtwar",
    "Kupwara",
    "Pulwama",
    "Ramban",
    "Samba",
    "Srinagar",
    "Bandipora",
    "Budgam",
    "Ganderbal",
    "Kathua",
    "Kulgam",
    "Poonch",
    "Rajouri",
    "Reasi",
    "Shopian",
    "Udhampur"
  ],
  "Jharkhand": [
    "Bokaro",
    "Deoghar",
    "Dumka",
    "Garhwa",
    "Godda",
    "Hazaribagh",
    "Khunti",
    "Latehar",
    "Pakur",
    "Ramgarh",
    "Sahebganj",
    "Simdega",
    "Chatra",
    "Dhanbad",
    "East Singhbhum",
    "Giridih",
    "Gumla",
    "Jamtara",
    "Koderma",
    "Lohardaga",
    "Palamu",
    "Ranchi",
    "Seraikela Kharsawan",
    "West Singhbhum"
  ],
  "Karnataka": [
    "Bagalkot",
    "Bangalore Urban",
    "Bellary",
    "Chamarajanagar",
    "Chikkamagaluru",
    "Dakshina Kannada",
    "Dharwad",
    "Gulbarga",
    "Haveri",
    "Kolar",
    "Mandya",
    "Raichur",
    "Shimoga",
    "Udupi",
    "Vijayanagara",
    "Yadgir",
    "Bangalore Rural",
    "Belgaum",
    "Bidar",
    "Chikkaballapur",
    "Chitradurga",
    "Davanagere",
    "Gadag",
    "Hassan",
    "Kodagu",
    "Koppal",
    "Mysore",
    "Ramanagara",
    "Tumkur",
    "Uttara Kannada",
    "Vijayapura"
  ],
  "Kerala": [
    "Ernakulam",
    "Kannur",
    "Kollam",
    "Kozhikode",
    "Palakkad",
    "Thiruvananthapuram",
    "Wayanad",
    "Alappuzha",
    "Idukki",
    "Kasaragod",
    "Kottayam",
    "Malappuram",
    "Pathanamthitta",
    "Thrissur"
  ],
  "Ladakh": [
    "Leh",
    "Kargil"
  ],
  "Lakshadweep": [
    "Lakshadweep"
  ],
  "Madhya Pradesh": [
    "Agar Malwa",
    "Anuppur",
    "Balaghat",
    "Betul",
    "Bhopal",
    "Chachaura",
    "Chhindwara",
    "Datia",
    "Dhar",
    "Guna",
    "Harda",
    "Indore",
    "Jhabua",
    "Khandwa",
    "Maihar",
    "Mandsaur",
    "Nagda",
    "Neemuch",
    "Pandhurna",
    "Raisen",
    "Ratlam",
    "Sagar",
    "Sehore",
    "Shahdol",
    "Sheopur",
    "Sidhi",
    "Tikamgarh",
    "Umaria",
    "Alirajpur",
    "Ashoknagar",
    "Barwani",
    "Bhind",
    "Burhanpur",
    "Chhatarpur",
    "Damoh",
    "Dewas",
    "Dindori",
    "Gwalior",
    "Hoshangabad",
    "Jabalpur",
    "Katni",
    "Khargone",
    "Mandla",
    "Morena",
    "Narsinghpur",
    "Niwari",
    "Panna",
    "Rajgarh",
    "Rewa",
    "Satna",
    "Seoni",
    "Shajapur",
    "Shivpuri",
    "Singrauli",
    "Ujjain",
    "Vidisha"
  ],
  "Maharashtra": [
    "Ahmednagar",
    "Amravati",
    "Beed",
    "Buldhana",
    "Dhule",
    "Gondia",
    "Jalgaon",
    "Kolhapur",
    "Mumbai City",
    "Nagpur",
    "Nandurbar",
    "Osmanabad",
    "Parbhani",
    "Raigad",
    "Sangli",
    "Sindhudurg",
    "Thane",
    "Washim",
    "Akola",
    "Aurangabad",
    "Bhandara",
    "Chandrapur",
    "Gadchiroli",
    "Hingoli",
    "Jalna",
    "Latur",
    "Mumbai Suburban",
    "Nanded",
    "Nashik",
    "Palghar",
    "Pune",
    "Ratnagiri",
    "Satara",
    "Solapur",
    "Wardha",
    "Yavatmal"
  ],
  "Manipur": [
    "Bishnupur",
    "Churachandpur",
    "Imphal West",
    "Kakching",
    "Kangpokpi",
    "Pherzawl",
    "Tamenglong",
    "Thoubal",
    "Chandel",
    "Imphal East",
    "Jiribam",
    "Kamjong",
    "Noney",
    "Senapati",
    "Tengnoupal",
    "Ukhrul"
  ],
  "Meghalaya": [
    "East Garo Hills",
    "East Khasi Hills",
    "North Garo Hills",
    "South Garo Hills",
    "South West Khasi Hills",
    "West Jaintia Hills",
    "East Jaintia Hills",
    "Mairang",
    "Ri Bhoi",
    "South West Garo Hills",
    "West Garo Hills",
    "West Khasi Hills"
  ],
  "Mizoram": [
    "Aizawl",
    "Hnahthial",
    "Kolasib",
    "Lunglei",
    "Saiha",
    "Serchhip",
    "Champhai",
    "Khawzawl",
    "Lawngtlai",
    "Mamit",
    "Saitual"
  ],
  "Nagaland": [
    "Dimapur",
    "Kohima",
    "Mokokchung",
    "Niuland",
    "Peren",
    "Shamator",
    "Tuensang",
    "Zunheboto",
    "Mon",
    "Chumukedima",
    "Kiphire",
    "Longleng",
    "Noklak",
    "Phek",
    "Tseminyu",
    "Wokha"
  ],
  "Odisha": [
    "Balangir",
    "Bargarh",
    "Boudh",
    "Debagarh",
    "Gajapati",
    "Jagatsinghpur",
    "Jharsuguda",
    "Kandhamal",
    "Kendujhar",
    "Koraput",
    "Mayurbhanj",
    "Nayagarh",
    "Puri",
    "Sambalpur",
    "Sundergarh",
    "Angul",
    "Balasore",
    "Bhadrak",
    "Cuttack",
    "Dhenkanal",
    "Ganjam",
    "Jajpur",
    "Kalahandi",
    "Kendrapara",
    "Khordha",
    "Malkangiri",
    "Nabarangpur",
    "Nuapada",
    "Rayagada",
    "Subarnapur"
  ],
  "Puducherry": [
    "Mahe",
    "Yanam",
    "Karaikal",
    "Puducherry"
  ],
  "Punjab": [
    "Barnala",
    "Faridkot",
    "Fazilka",
    "Gurdaspur",
    "Jalandhar",
    "Ludhiana",
    "Mansa",
    "Mohali",
    "Pathankot",
    "Rupnagar",
    "Shaheed Bhagat Singh Nagar",
    "Amritsar",
    "Bathinda",
    "Fatehgarh Sahib",
    "Firozpur",
    "Hoshiarpur",
    "Kapurthala",
    "Malerkotla",
    "Moga",
    "Muktsar",
    "Patiala",
    "Sangrur",
    "Tarn Taran"
  ],
  "Rajasthan": [
    "Ajmer",
    "Anupgarh",
    "Banswara",
    "Barmer",
    "Bharatpur",
    "Bikaner",
    "Chittorgarh",
    "Dausa",
    "Dholpur",
    "Dudu",
    "Gangapur City",
    "Jaipur",
    "Jaisalmer",
    "Jhalawar",
    "Jodhpur",
    "Karauli",
    "Khairthal Tijara",
    "Kotputli Behror",
    "Neem ka Thana",
    "Phalodi",
    "Rajsamand",
    "Sanchore",
    "Shahpura",
    "Sirohi",
    "Tonk",
    "Alwar",
    "Balotra",
    "Baran",
    "Beawar",
    "Bhilwara",
    "Bundi",
    "Churu",
    "Deeg",
    "Didwana Kuchaman",
    "Dungarpur",
    "Hanumangarh",
    "Jaipur Rural",
    "Jalore",
    "Jhunjhunu",
    "Jodhpur Rural",
    "Kekri",
    "Sawai Madhopur",
    "Sikar",
    "Sri Ganganagar",
    "Udaipur"
  ],
  "Sikkim": [
    "East Sikkim",
    "Pakyong",
    "South Sikkim",
    "North Sikkim",
    "Soreng",
    "West Sikkim"
  ],
  "Tamil Nadu": [
    "Ariyalur",
    "Chennai",
    "Cuddalore",
    "Dindigul",
    "Kallakurichi",
    "Kanyakumari",
    "Krishnagiri",
    "Mayiladuthurai",
    "Namakkal",
    "Perambalur",
    "Ramanathapuram",
    "Salem",
    "Tenkasi",
    "Theni",
    "Tiruchirappalli",
    "Tirupattur",
    "Tiruvallur",
    "Tiruvarur",
    "Viluppuram",
    "Chengalpattu",
    "Coimbatore",
    "Dharmapuri",
    "Erode",
    "Kanchipuram",
    "Karur",
    "Madurai",
    "Nagapattinam",
    "Nilgiris",
    "Pudukkottai",
    "Ranipet",
    "Sivaganga",
    "Thanjavur",
    "Thoothukudi",
    "Tirunelveli",
    "Tiruppur",
    "Tiruvannamalai",
    "Vellore",
    "Virudhunagar"
  ],
  "Telangana": [
    "Adilabad",
    "Hanamkonda",
    "Jagtial",
    "Jayashankar",
    "Kamareddy",
    "Khammam",
    "Mahabubabad",
    "Mancherial",
    "Medchal",
    "Nagarkurnool",
    "Narayanpet",
    "Nizamabad",
    "Rajanna Sircilla",
    "Sangareddy",
    "Suryapet",
    "Wanaparthy",
    "Yadadri Bhuvanagiri",
    "Bhadradri Kothagudem",
    "Hyderabad",
    "Jangaon",
    "Jogulamba",
    "Karimnagar",
    "Komaram Bheem",
    "Mahabubnagar",
    "Medak",
    "Mulugu",
    "Nalgonda",
    "Nirmal",
    "Peddapalli",
    "Ranga Reddy",
    "Siddipet",
    "Vikarabad",
    "Warangal"
  ],
  "Tripura": [
    "Gomati",
    "North Tripura",
    "South Tripura",
    "West Tripura",
    "Dhalai",
    "Khowai",
    "Sepahijala",
    "Unakoti"
  ],
  "Uttar Pradesh": [
    "Aligarh",
    "Amethi",
    "Auraiya",
    "Azamgarh",
    "Bahraich",
    "Balrampur",
    "Barabanki",
    "Basti",
    "Bijnor",
    "Bulandshahr",
    "Chitrakoot",
    "Etah",
    "Farrukhabad",
    "Firozabad",
    "Ghaziabad",
    "Gonda",
    "Hamirpur",
    "Hardoi",
    "Jalaun",
    "Jhansi",
    "Kanpur Dehat",
    "Kasganj",
    "Kheri",
    "Lalitpur",
    "Maharajganj",
    "Mainpuri",
    "Mau",
    "Mirzapur",
    "Muzaffarnagar",
    "Pratapgarh",
    "Raebareli",
    "Saharanpur",
    "Sant Kabir Nagar",
    "Shamli",
    "Siddharthnagar",
    "Sonbhadra",
    "Unnao",
    "Agra",
    "Ambedkar Nagar",
    "Amroha",
    "Ayodhya",
    "Baghpat",
    "Ballia",
    "Banda",
    "Bareilly",
    "Bhadohi",
    "Budaun",
    "Chandauli",
    "Deoria",
    "Etawah",
    "Fatehpur",
    "Gautam Buddha Nagar",
    "Ghazipur",
    "Gorakhpur",
    "Hapur",
    "Hathras",
    "Jaunpur",
    "Kannauj",
    "Kanpur Nagar",
    "Kaushambi",
    "Kushinagar",
    "Lucknow",
    "Mahoba",
    "Mathura",
    "Meerut",
    "Moradabad",
    "Pilibhit",
    "Prayagraj",
    "Rampur",
    "Sambhal",
    "Shahjahanpur",
    "Shravasti",
    "Sitapur",
    "Sultanpur",
    "Varanasi"
  ],
  "Uttarakhand": [
    "Almora",
    "Chamoli",
    "Dehradun",
    "Nainital",
    "Pithoragarh",
    "Tehri",
    "Uttarkashi",
    "Bageshwar",
    "Champawat",
    "Haridwar",
    "Pauri",
    "Rudraprayag",
    "Udham Singh Nagar"
  ],
  "West Bengal": [
    "Bankura",
    "Cooch Behar",
    "Darjeeling",
    "Howrah",
    "Jhargram",
    "Kolkata",
    "Murshidabad",
    "North 24 Parganas",
    "Paschim Medinipur",
    "Purba Medinipur",
    "South 24 Parganas",
    "Alipurduar",
    "Birbhum",
    "Dakshin Dinajpur",
    "Hooghly",
    "Jalpaiguri",
    "Kalimpong",
    "Malda",
    "Nadia",
    "Paschim Bardhaman",
    "Purba Bardhaman",
    "Purulia",
    "Uttar Dinajpur"
  ]
}
